type,key,weight
fusion,SYS_1,0.3923076923076923
fusion,SYS_2,0.13076923076923078
fusion,SYS_3,0.06538461538461539
fusion,SYS_4,0.26153846153846155
fusion,PHYSICS,0.15
risk,SYS_1,0.3923076923076923
risk,SYS_2,0.13076923076923078
risk,SYS_3,0.06538461538461539
risk,SYS_4,0.26153846153846155
risk,INSTRUMENT,0.15
